Index,AircraftLength,AircraftSpan,AircraftFuelCapacity,AircraftMLW,AircraftACN,AircraftARFF,ReferenceCruiseFL,ReferenceVclimb,ReferenceVcruise,ReferenceVdescent,ReferenceMLD,ReferenceMORA,ReferenceZpOpt,LiveAltitude,LiveFuelWeight,LiveMAR,LiveSR,LiveIAS,LiveVz,AircraftFlightPhase,AircraftGPSLatitude,AircraftGPSLongitude,Heading,AircraftFlapsPosition,AircraftSlatsPosition,AircraftSpoilersPosition,AircraftFuel,AircraftLandingGearAuxilary,AircraftLandingGearPrincipal,LiveCurrentWeight,CurrentWaypointName,CurrentWaypointEstimatedTimeOfArrival,CurrentWaypointPlannedAltitude,CurrentWaypointGPSLatitude,CurrentWaypointGPSLongitude,ReferenceDescentFL,AircraftAntiIcingState,AircraftIcingProbe
0,37.57,35.8,24210.0,66000.0,ACN.csv,6,240,2500,420.0,1500,1639.64,1500.8855580591098,37700.0,500.88555805910994,4805.5117891858,2.810674951494794,0.0002652996743067331,2.9856055442757836,0.0003880182352821016,Takeoff,43.64393438818,1.3461179640785,142.99737940140292,11.6,18.0,0,10594.339999999998,1.0,1.0,56963.49060171,SID_14R-3,79.1524771371047,3000,43.57900686,1.413421665,0,0,0
1,37.57,35.8,24210.0,66000.0,ACN.csv,6,240,2500,420.0,1500,1639.16,1500.53130165718,37718.12895304798,500.53130165717994,4757.167914391201,48.599646668578934,0.004633939627582909,52.14937761276932,6.477303624745734,Takeoff,43.64333438762299,1.3467466113753,142.5833946647621,11.6,18.0,0,10487.76,1.0,1.0,56915.1467269154,SID_14R-3,4.489471636090022,3000,43.57900686,1.413421665,0,0,0
2,37.57,35.8,24210.0,66000.0,ACN.csv,6,240,2500,420.0,1500,1638.35,1501.93432249801,37748.441964144615,501.93432249801,4676.3332181335,100.53221888925997,0.009751368283703942,183.48839672563017,643.1809724064997,Takeoff,43.634491019757995,1.3560130119595,140.3156521126108,11.6,18.0,0,10309.55,1.0,1.0,56834.312030657704,SID_14R-3,1.0994739118164647,3000,43.57900686,1.413421665,0,0,0
3,37.57,35.8,24210.0,66000.0,ACN.csv,6,240,2500,420.0,1500,1637.64,3071.8108915669,37774.927789619374,2071.8108915669,4605.704350200799,116.25094507281688,0.011448963650482664,182.55720984633626,3516.927792689985,Climb,43.622312408606994,1.3706659995989998,139.6991549600527,11.6,18.0,0,10153.839999999998,0.0,0.0,56763.683162725,SID_14R-3,0.8159356449688456,3000,43.57900686,1.413421665,0,0,0
4,37.57,35.8,24210.0,66000.0,ACN.csv,6,240,2500,420.0,1500,1637.07,3991.505969591,37796.30899996025,2991.505969591,4548.6877892918,170.36060283265306,0.016988255332758922,214.88039077611597,2576.864592459855,Climb,43.60771543745,1.3862164379397,142.44567453742383,0.0,0.0,0,10028.14,0.0,0.0,56706.666601816,SID_14R-3,0.44222641085833475,3000,43.57900686,1.413421665,0,0,0
5,37.57,35.8,24210.0,66000.0,ACN.csv,6,240,2500,420.0,1500,1636.58,4802.2275603971,37814.85639196955,3802.2275603971,4499.228077267,223.14885162649205,0.022496884961991717,243.12351328208055,2450.6506465146144,Climb,43.589584268092004,1.4045177561978999,143.560153528256,0.0,0.0,0,9919.1,0.0,0.0,56657.2068897912,SID_14R-3,0.1341544715366027,3000,43.57900686,1.413421665,0,0,0
6,37.57,35.8,24210.0,66000.0,ACN.csv,6,240,2500,420.0,1500,1636.2,5602.6566071245,37828.834974832025,4602.6566071245,4461.9518563004,302.3356754562307,0.03073479050924789,246.66163769537232,2457.439560150212,Climb,43.569241548304994,1.422405760325,148.3742389785934,0.0,0.0,0,9836.92,0.0,0.0,56619.9306688246,SID_14R-3,0.12533440631419365,3000,43.57900686,1.413421665,0,0,0
7,37.57,35.8,24210.0,66000.0,ACN.csv,6,240,2500,420.0,1500,1635.88,6334.4529771369,37841.1670173914,5334.4529771369,4429.0664094754,344.5679239545078,0.03528810968337165,246.54135005094008,1716.986675653356,Climb,43.549114958788,1.4418772937028999,140.75999963258033,0.0,0.0,0,9764.42,0.0,0.0,56587.0452219996,SID_14R-6,0.15380015129462812,6000,43.53904253,1.454756298,0,0,0
8,37.57,35.8,24210.0,66000.0,ACN.csv,6,240,2500,420.0,1500,1635.62,6733.311711224101,37850.59380082092,5733.311711224101,4403.928320329999,451.0417247982601,0.046456043341050586,246.32748874133384,916.9228083473363,Climb,43.531425739458,1.4659517781685,124.2157115836959,0.0,0.0,0,9708.999999999998,0.0,0.0,56561.907132854205,SID_14R-6,0.1270079080917115,6000,43.53904253,1.454756298,0,0,0
9,37.57,35.8,24210.0,66000.0,ACN.csv,6,240,2500,420.0,1500,1635.39,6947.576690690899,37859.2245296411,5947.576690690899,4380.9130434762,490.1716834082916,0.05075155187459145,245.43556732140476,476.00093703535293,Climb,43.522960826272,1.4981632971076,91.74576239824565,0.0,0.0,0,9658.26,0.0,0.0,56538.8918560004,SID_DEP-3,0.24912687141234902,-1,43.53207121,1.522822639,0,0,0
10,37.57,35.8,24210.0,66000.0,ACN.csv,6,240,2500,420.0,1500,1635.17,7068.4937394714,37867.7021710364,6068.4937394714,4358.3059997554,497.4309594392064,0.051770318058453564,245.39119033549403,234.99558592713083,Climb,43.528146392852,1.5320414684467,60.288929451128794,0.0,0.0,0,9608.42,0.0,0.0,56516.2848122796,SID_DEP-4,0.5319615175830978,-1,43.56216024,1.577735802,0,0,0
11,37.57,35.8,24210.0,66000.0,ACN.csv,6,240,2500,420.0,1500,1634.92,7137.0286055021,37876.99287675493,6137.0286055021,4333.530784506,450.683790989329,0.04717324949123166,244.74681985582814,102.25776048659621,Climb,43.545134759778,1.5582364940483,32.37874340515082,0.0,0.0,0,9553.8,0.0,0.0,56491.5095970302,SID_DEP-4,0.241088062036448,-1,43.56216024,1.577735802,0,0,0
12,37.57,35.8,24210.0,66000.0,ACN.csv,6,240,2500,420.0,1500,1634.66,7185.439922972801,37886.5761495521,6185.439922972801,4307.9753903802,435.33694845909065,0.04583719736214637,245.09254536495305,236.13178675566522,Climb,43.565764424613,1.5795857112724998,31.743506842267323,0.0,0.0,0,9497.46,0.0,0.0,56465.9542029044,SID_DEP-4,0.036917675560536566,-1,43.56216024,1.577735802,0,0,0
13,37.57,35.8,24210.0,66000.0,ACN.csv,6,240,2500,420.0,1500,1634.31,7825.175857051,37899.714452549146,6825.175857051,4272.9399157214,316.10149968561166,0.033555638794594146,243.21254771899362,2423.100364474852,Climb,43.588593985035,1.5954829629896998,5.696859277794499,0.0,0.0,0,9420.22,0.0,0.0,56430.918728245604,SID_DEP-5,0.22131746030506724,-1,43.61168151,1.587302378,0,0,0
14,37.57,35.8,24210.0,66000.0,ACN.csv,6,240,2500,420.0,1500,1633.89,8658.743817889499,37915.604927251174,7658.7438178895,4230.565316516,262.4962874136033,0.028144303235150672,243.15554481807587,2554.933942223548,Climb,43.614439302425005,1.5928802903013,340.04568644765186,0.0,0.0,0,9326.8,0.0,0.0,56388.5441290402,MAKOX,15.795703011879711,24000,45.332778,1.238056,0,0,0
15,37.57,35.8,24210.0,66000.0,ACN.csv,6,240,2500,420.0,1500,1633.48,9534.5358872909,37930.906865853125,8534.5358872909,4189.760146910799,274.39356237039203,0.02970643232646577,243.44830452138143,2661.686492995519,Climb,43.640206809558,1.5842835868525,344.47905514563865,0.0,0.0,0,9236.839999999998,0.0,0.0,56347.738959435,MAKOX,15.304797475480436,24000,45.332778,1.238056,0,0,0
16,37.57,35.8,24210.0,66000.0,ACN.csv,6,240,2500,420.0,1500,1633.15,10397.5311395919,37943.35797640962,9397.5311395919,4156.5571854268,339.06661179371156,0.03700130208014627,243.15246908332534,2487.652521090078,Climb,43.666696697847,1.5776030974256,350.6897213449472,0.0,0.0,0,9163.64,0.0,0.0,56314.535997951,MAKOX,14.865412378219627,24000,45.332778,1.238056,0,0,0
17,37.57,35.8,24210.0,66000.0,ACN.csv,6,240,2500,420.0,1500,1632.84,11262.356297716,37955.060659555624,10262.356297716,4125.3500303708,361.6841112538551,0.03976805653028038,242.10050002957743,2499.905483589138,Climb,43.693580121706,1.5716492787908998,350.8035137899479,0.0,0.0,0,9094.839999999998,0.0,0.0,56283.328842895,MAKOX,14.480669262324552,24000,45.332778,1.238056,0,0,0
18,37.57,35.8,24210.0,66000.0,ACN.csv,6,240,2500,420.0,1500,1632.53,12129.071673643,37966.71231356,11129.071673643,4094.2789530257996,364.8658512151425,0.04042234739829683,241.5367902618279,2500.2532972563044,Climb,43.720793008880996,1.5659101555606,351.35997574217043,0.0,0.0,0,9026.339999999998,0.0,0.0,56252.25776555,MAKOX,14.073946547777487,24000,45.332778,1.238056,0,0,0
19,37.57,35.8,24210.0,66000.0,ACN.csv,6,240,2500,420.0,1500,1632.22,12996.175959076001,37978.23469373892,11996.175959076001,4063.5526058820005,370.76566978116085,0.0413865637243722,241.13411005577407,2500.0436087574562,Climb,43.748368415251996,1.5603805354254,351.66497408413454,0.0,0.0,0,8958.6,0.0,0.0,56221.5314184062,MAKOX,13.665750390657445,24000,45.332778,1.238056,0,0,0
20,37.57,35.8,24210.0,66000.0,ACN.csv,6,240,2500,420.0,1500,1631.92,13863.673532677,37989.60398649298,12863.673532677,4033.2344918712,377.63071824576014,0.04246973807724906,240.7882316700647,2499.9967548811774,Climb,43.776298182287,1.5549068240298998,351.7800077872881,0.0,0.0,0,8891.76,0.0,0.0,56191.2133043954,MAKOX,13.262037125132078,24000,45.332778,1.238056,0,0,0
21,37.57,35.8,24210.0,66000.0,ACN.csv,6,240,2500,420.0,1500,1631.62,14731.597150305,38000.830397650476,13731.597150305,4003.2973954512004,384.3773097449367,0.04355175188821549,240.49926431863437,2499.9934037762077,Climb,43.804579406487,1.5494112451184,351.81839143361015,0.0,0.0,0,8825.76,0.0,0.0,56161.2762079754,MAKOX,12.862626878347648,24000,45.332778,1.238056,0,0,0
22,37.57,35.8,24210.0,66000.0,ACN.csv,6,240,2500,420.0,1500,1631.32,15599.955060868999,38011.90712332587,14599.955060868999,3973.7594603168,391.58844831747587,0.04469861200979334,240.26759603241166,2499.9931050668265,Climb,43.833214805817,1.5438628723336003,351.8283776461786,0.0,0.0,0,8760.64,0.0,0.0,56131.738272841,MAKOX,12.467384749989959,24000,45.332778,1.238056,0,0,0
23,37.57,35.8,24210.0,66000.0,ACN.csv,6,240,2500,420.0,1500,1631.03,16468.753484654,38022.83756546195,15468.753484653998,3944.6116146206,398.92399300441093,0.04587241967398055,240.09177786810054,2499.9909951555114,Climb,43.862209237955,1.5382492512882,351.8278639847251,0.0,0.0,0,8696.38,0.0,0.0,56102.5904271448,MAKOX,12.076300488929375,24000,45.332778,1.238056,0,0,0
24,37.57,35.8,24210.0,66000.0,ACN.csv,6,240,2500,420.0,1500,1630.74,17337.999511693997,38033.625126001476,16337.999511693999,3915.8447865151998,406.3830606564787,0.04707343259513292,239.970979775512,2499.988759620929,Climb,43.891568413992005,1.5325647577641999,351.82333082075723,0.0,0.0,0,8632.96,0.0,0.0,56073.8235990394,MAKOX,11.689342402783154,24000,45.332778,1.238056,0,0,0
25,37.57,35.8,24210.0,66000.0,ACN.csv,6,240,2500,420.0,1500,1630.46,18207.700898672,38044.2630010589,17207.700898672,3887.4771196954002,414.3629916558361,0.04834803797898307,239.90355420773477,2499.9906287413955,Climb,43.921298492842,1.5268062112493,351.8170885949781,0.0,0.0,0,8570.42,0.0,0.0,56045.4559322196,MAKOX,11.306524706190796,24000,45.332778,1.238056,0,0,0
26,37.57,35.8,24210.0,66000.0,ACN.csv,6,240,2500,420.0,1500,1630.18,19077.864743062,38054.764798405326,18077.864743062,3859.4723267715995,422.0764744830453,0.04960539995428731,239.8880668220858,2499.990270104239,Climb,43.951405517543,1.5209713797928,351.81022226916366,0.0,0.0,0,8508.679999999998,0.0,0.0,56017.4511392958,MAKOX,10.927855228153872,24000,45.332778,1.238056,0,0,0
27,37.57,35.8,24210.0,66000.0,ACN.csv,6,240,2500,420.0,1500,1629.9,19948.499450309,38065.113508326875,18948.499450309,3831.8757669807997,430.7608490078986,0.050990649563426714,239.92412547282095,2499.989359849232,Climb,43.9818959041,1.5150569996108,351.8076537809363,0.0,0.0,0,8447.839999999998,0.0,0.0,55989.854579505,MAKOX,10.553292590127853,24000,45.332778,1.238056,0,0,0
28,37.57,35.8,24210.0,66000.0,ACN.csv,6,240,2500,420.0,1500,1629.63,20819.612353501998,38075.319336651875,19819.612353501998,3804.6602247807996,439.3268262307237,0.05237663405962963,240.01058315447995,2499.9877187860266,Climb,44.012775987664,1.5090579934169,351.80114249074563,0.0,0.0,0,8387.839999999998,0.0,0.0,55962.639037305,MAKOX,10.182832595601841,24000,45.332778,1.238056,0,0,0
29,37.57,35.8,24210.0,66000.0,ACN.csv,6,240,2500,420.0,1500,1629.36,21691.222178889,38085.389087265874,20691.222178889,3777.8075564768,447.92924349571183,0.05378179912875474,240.16545113803255,2500.008888694955,Climb,44.044053140667,1.5029709886048999,351.7932784204683,0.0,0.0,0,8328.64,0.0,0.0,55935.786369001005,MAKOX,9.815683404616642,24000,45.332778,1.238056,0,0,0
30,37.57,35.8,24210.0,66000.0,ACN.csv,6,240,2500,420.0,1500,1629.1,22563.318382908,38095.3329659972,21563.318382908,3751.2905465266003,456.35519099678015,0.055180805133235325,240.36728771741235,2499.970895033134,Climb,44.07573645203,1.4967932433136002,351.7848686554385,0.0,0.0,0,8270.18,0.0,0.0,55909.2693590508,MAKOX,9.452717434454005,24000,45.332778,1.238056,0,0,0
31,37.57,35.8,24210.0,66000.0,ACN.csv,6,240,2500,420.0,1500,1628.79,23000.0,38106.87915977555,22440.244403134,3720.500696451,407.4499434650916,0.04967508424040716,248.21014518403618,2511.614805370413,Cruise,44.10806990044001,1.4904736994156997,351.7599135686265,0.0,0.0,0,8202.3,0.0,0.0,55878.4795089752,MAKOX,8.813439530521276,24000,45.332778,1.238056,0,0,0
32,37.57,35.8,24210.0,66000.0,ACN.csv,6,240,2500,420.0,1500,1628.43,23000.0,38120.31002985125,23317.049179842998,3684.6850429158003,372.59363704938363,0.04586704939709327,263.40375080467743,2498.542111093806,Cruise,44.142618733308,1.4836976235495,351.76133971492163,0.0,0.0,0,8123.34,0.0,0.0,55842.663855440005,MAKOX,7.976988686140634,24000,45.332778,1.238056,0,0,0
33,37.57,35.8,24210.0,66000.0,ACN.csv,6,240,2500,420.0,1500,1628.08,23000.0,38133.65585135757,24175.275477556002,3649.0961855656,395.6090856442868,0.04917526248300618,277.36701467809894,1964.2553085275365,Cruise,44.179537438233005,1.4764359675404999,351.76082219642126,0.0,0.0,0,8044.88,0.0,0.0,55807.0749980898,MAKOX,7.258142296295801,24000,45.332778,1.238056,0,0,0
34,37.57,35.8,24210.0,66000.0,ACN.csv,6,240,2500,420.0,1500,1627.72,23000.0,38147.0424961772,24691.421664221,3613.3984660466003,420.76195504031875,0.05281853473563474,296.7627215114907,1072.4448147902779,Cruise,44.21910423311,1.4686343635075,351.7622650303888,0.0,0.0,0,7966.18,0.0,0.0,55771.3772785708,MAKOX,6.5083056842094225,24000,45.332778,1.238056,0,0,0
35,37.57,35.8,24210.0,66000.0,ACN.csv,6,240,2500,420.0,1500,1627.37,23000.0,38160.30326911415,24985.831635277,3578.0364048814004,450.24109996356606,0.05707765503035742,316.43005734197743,448.500808204143,Cruise,44.261654606386,1.4602258585748003,351.7716804255135,0.0,0.0,0,7888.22,0.0,0.0,55736.015217405606,MAKOX,5.850011035894221,24000,45.332778,1.238056,0,0,0
36,37.57,35.8,24210.0,66000.0,ACN.csv,6,240,2500,420.0,1500,1627.11,23000.0,38169.794689456394,25133.007838553,3552.7259506354003,633.0113042915618,0.08081937693478668,320.064797739535,148.47841745712276,Cruise,44.30601554549501,1.4514520939772,351.7889054445323,0.0,0.0,0,7832.42,0.0,0.0,55710.70476315961,MAKOX,5.535660496301043,24000,45.332778,1.238056,0,0,0
37,37.57,35.8,24210.0,66000.0,ACN.csv,6,240,2500,420.0,1500,1626.89,23000.0,38177.95254823085,25209.305253385,3530.9716605702,730.5862314309197,0.09385188329452777,319.1314305433569,-1.712013169926081,Cruise,44.350471204166006,1.4426544402023997,351.7871188940419,0.0,0.0,0,7784.46,0.0,0.0,55688.9504730944,MAKOX,5.308493349684022,24000,45.332778,1.238056,0,0,0
38,37.57,35.8,24210.0,66000.0,ACN.csv,6,240,2500,420.0,1500,1626.68,23000.0,38186.059377863676,25262.77595604,3509.3534482160003,730.1905731250387,0.09437888702370989,318.68942055535126,-0.4667292010883273,Cruise,44.39486915316,1.4338542539095,351.7777348894043,0.0,0.0,0,7736.8,0.0,0.0,55667.3322607402,MAKOX,5.074312150695694,24000,45.332778,1.238056,0,0,0
39,37.57,35.8,24210.0,66000.0,ACN.csv,6,240,2500,420.0,1500,1626.46,23000.0,38194.18151623899,25317.05702513,3487.6944125485,724.1698136296714,0.09418196183269342,318.39537921293896,-0.0073845613613343665,Cruise,44.43924830782699,1.4250378126401002,351.76383178946264,0.0,0.0,0,7689.05,0.0,0.0,55645.6732250727,MAKOX,4.837426827062267,24000,45.332778,1.238056,0,0,0
40,37.57,35.8,24210.0,66000.0,ACN.csv,6,240,2500,420.0,1500,1626.25,23000.0,38202.28324295765,25371.367637187002,3466.0898079654003,721.3499643003612,0.09439998904658574,318.101062156722,-0.0005411410387523574,Cruise,44.483616817306995,1.4161992542598,351.74666357840516,0.0,0.0,0,7641.42,0.0,0.0,55624.068620489605,MAKOX,4.600310229272329,24000,45.332778,1.238056,0,0,0
41,37.57,35.8,24210.0,66000.0,ACN.csv,6,240,2500,420.0,1500,1626.03,23000.0,38210.362857048276,25425.666381682004,3444.5441703904003,718.6716065691064,0.09463776370690058,317.80294158493126,-0.00016633121845188725,Cruise,44.527973425287,1.4073360540633002,351.7273572420209,0.0,0.0,0,7593.92,0.0,0.0,55602.522982914605,MAKOX,4.363015791704536,24000,45.332778,1.238056,0,0,0
42,37.57,35.8,24210.0,66000.0,ACN.csv,6,240,2500,420.0,1500,1625.82,23000.0,38218.411853653924,25479.95226795,3423.0801794420004,716.7549990368086,0.09497720815159258,317.50568663390436,-0.00019252468973718348,Cruise,44.572317794599,1.3984463688784998,351.7065158228843,0.0,0.0,0,7546.6,0.0,0.0,55581.0589919662,MAKOX,4.125473350212457,24000,45.332778,1.238056,0,0,0
43,37.57,35.8,24210.0,66000.0,ACN.csv,6,240,2500,420.0,1500,1625.6,23000.0,38226.45064443125,25534.224896062,3401.6434040358004,713.0165618898744,0.09507724171592093,317.20900217629196,-0.0006320250852809292,Cruise,44.616649805159,1.3895286960003999,351.6843789578012,0.0,0.0,0,7499.34,0.0,0.0,55559.622216560005,MAKOX,3.887686518402013,24000,45.332778,1.238056,0,0,0
44,37.57,35.8,24210.0,66000.0,ACN.csv,6,240,2500,420.0,1500,1625.39,23000.0,38234.46562160915,25588.484014346002,3380.2701315614004,710.4881416303639,0.09533912600947957,316.91281594137513,-5.194124852891946e-05,Cruise,44.660969310908,1.3805816574288001,351.6609958814449,0.0,0.0,0,7452.22,0.0,0.0,55538.2489440856,MAKOX,3.6496557389509467,24000,45.332778,1.238056,0,0,0
45,37.57,35.8,24210.0,66000.0,ACN.csv,6,240,2500,420.0,1500,1625.17,23000.0,38242.4601871304,25642.729318325,3358.9512901714,707.6566187362174,0.09556186294751774,316.61702551569573,-0.0004971941949349912,Cruise,44.705276162818,1.3716038516768998,351.6363118352199,0.0,0.0,0,7405.22,0.0,0.0,55516.9301026956,MAKOX,3.411381560106037,24000,45.332778,1.238056,0,0,0
46,37.57,35.8,24210.0,66000.0,ACN.csv,6,240,2500,420.0,1500,1624.96,23000.0,38250.434340995,25696.960504062,3337.6868798658,704.8240883847378,0.09578574629396545,316.32173822111173,-0.0005375580386157709,Cruise,44.74957019495999,1.362593764456,351.61019684685766,0.0,0.0,0,7358.34,0.0,0.0,55495.66569239,MAKOX,3.1728620866109565,24000,45.332778,1.238056,0,0,0
47,37.57,35.8,24210.0,66000.0,ACN.csv,6,240,2500,420.0,1500,1624.75,23000.0,38258.38468126018,25751.177227497003,3316.485972492,702.2929861166234,0.09605188824834829,316.02702154147715,-0.0007764982466085258,Cruise,44.793851236066,1.3535496976008001,351.5824621184809,0.0,0.0,0,7311.6,0.0,0.0,55474.4647850162,MAKOX,2.9340959404449274,24000,45.332778,1.238056,0,0,0
48,37.57,35.8,24210.0,66000.0,ACN.csv,6,240,2500,420.0,1500,1624.54,23000.0,38266.318011811476,25805.37906353,3295.3304243552,699.1578812945551,0.09623698978308966,315.7326812548132,-0.0004451354510592864,Cruise,44.838119063317,1.3444697051021002,351.55284775164336,0.0,0.0,0,7264.96,0.0,0.0,55453.3092368794,MAKOX,2.6950841774238743,24000,45.332778,1.238056,0,0,0
49,37.57,35.8,24210.0,66000.0,ACN.csv,6,240,2500,420.0,1500,1624.33,23000.0,38274.2343326489,25859.565624341,3274.2202354554,696.0211411771662,0.0964229209684621,315.4389369788292,-0.00037066470085278524,Cruise,44.882373436209996,1.3353515078586002,351.5210203292073,0.0,0.0,0,7218.42,0.0,0.0,55432.1990479796,MAKOX,2.455823772328579,24000,45.332778,1.238056,0,0,0
50,37.57,35.8,24210.0,66000.0,ACN.csv,6,240,2500,420.0,1500,1624.12,23000.0,38282.12173697274,25913.736365057997,3253.1871572585,693.9349730480365,0.09675545667529317,315.14555450096213,-0.0006184871187997488,Cruise,44.926614067296,1.3261923949273,351.48653670457674,0.0,0.0,0,7172.05,0.0,0.0,55411.165969782705,MAKOX,2.2163153225704577,24000,45.332778,1.238056,0,0,0
51,37.57,35.8,24210.0,66000.0,ACN.csv,6,240,2500,420.0,1500,1623.91,23000.0,38289.99553352547,25967.890773412,3232.1903664512,690.498234018087,0.09690169666366634,314.8527443419781,-0.0002964785959136407,Cruise,44.97084058616,1.3169890747136002,351.4487968152368,0.0,0.0,0,7125.76,0.0,0.0,55390.169178975404,MAKOX,1.9765557133712972,24000,45.332778,1.238056,0,0,0
52,37.57,35.8,24210.0,66000.0,ACN.csv,6,240,2500,420.0,1500,1623.7,23000.0,38297.84041356463,26022.028147688998,3211.2706863468,688.4088133925225,0.0972378275438472,314.5604257074191,-0.0005805578273054834,Cruise,45.015052550969,1.3077374605267,351.40697550622843,0.0,0.0,0,7079.64,0.0,0.0,55369.249498871,MAKOX,1.7365435669343172,24000,45.332778,1.238056,0,0,0
53,37.57,35.8,24210.0,66000.0,ACN.csv,6,240,2500,420.0,1500,1623.49,23000.0,38305.671685832676,26076.147631344,3190.3872936320004,684.9719338696831,0.09738568213570334,314.2685361394429,-0.0005116331486476612,Cruise,45.059249386321,1.2984323369081001,351.35987453956,0.0,0.0,0,7033.6,0.0,0.0,55348.3661061562,MAKOX,1.4962766147357267,24000,45.332778,1.238056,0,0,0
54,37.57,35.8,24210.0,66000.0,ACN.csv,6,240,2500,420.0,1500,1623.28,23000.0,38313.48254644407,26130.248198709,3169.5583320016003,682.1305610652503,0.09761903250653296,313.977207381931,-0.0009502251154458463,Cruise,45.10343033104,1.2890668055580001,351.3056887672979,0.0,0.0,0,6987.68,0.0,0.0,55327.537144525806,MAKOX,1.255750715370422,24000,45.332778,1.238056,0,0,0
55,37.57,35.8,24210.0,66000.0,ACN.csv,6,240,2500,420.0,1500,1623.07,23000.0,38321.24407888524,26137.41388564,3148.8609121585,682.3626997489141,0.09829412057661845,314.1223794267662,-848.9981332759098,Cruise,45.147599876564996,1.2796312309383,351.2499317366191,0.0,0.0,0,6942.05,0.0,0.0,55306.8397246827,MAKOX,1.0141481184659862,24000,45.332778,1.238056,0,0,0
56,37.57,35.8,24210.0,66000.0,ACN.csv,6,240,2500,420.0,1500,1622.9,23000.0,38327.893176038975,25784.311104333,3131.1299864152,793.7066948997526,0.11498063075836346,316.2496398736543,-1074.0524101822705,Cruise,45.191885765107,1.2700896745786001,351.1727006596344,0.0,0.0,0,6902.96,0.0,0.0,55289.1087989394,MAKOX,0.7707287394052229,24000,45.332778,1.238056,0,0,0
57,37.57,35.8,24210.0,66000.0,ACN.csv,6,240,2500,420.0,1500,1622.71,23000.0,38334.744688787825,25567.032942706002,3112.8592857516005,764.2291441378479,0.11136016019074879,316.5234771541296,-612.9542860519169,Cruise,45.23608220385199,1.260452564388,351.0616333252292,0.0,0.0,0,6862.68,0.0,0.0,55270.8380982758,MAKOX,0.530691827331865,24000,45.332778,1.238056,0,0,0
58,37.57,35.8,24210.0,66000.0,ACN.csv,6,240,2500,420.0,1500,1622.51,23000.0,38342.3140114622,25457.888425223,3092.6744252866,688.1882485685461,0.10093430337253433,317.40454596136226,-391.3729226558678,Cruise,45.280271707777004,1.2506518279658998,350.89386805451204,0.0,0.0,0,6818.18,0.0,0.0,55250.6532378108,MAKOX,0.28840884012501117,24000,45.332778,1.238056,0,0,0
59,37.57,35.8,24210.0,66000.0,ACN.csv,6,240,2500,420.0,1500,1622.3,23000.0,38350.07554390336,25402.038911907002,3071.9770054435003,667.0577873358037,0.09849433187437578,317.8319901610036,-273.7343078068768,Cruise,45.324472236472,1.2405312645078999,350.5115471780704,0.0,0.0,0,6772.55,0.0,0.0,55229.955817967704,MAKOX,0.046269492276376264,24000,45.332778,1.238056,0,0,0
60,37.57,35.8,24210.0,66000.0,ACN.csv,6,240,2500,420.0,1500,1622.09,23000.0,38357.993565712175,25371.343751635,3050.86228062,649.3518884148818,0.09654354570545375,317.94768094248207,-212.1179714193524,Cruise,45.368467409061005,1.2287343662183998,347.6799738636832,0.0,0.0,0,6726.0,0.0,0.0,55208.841093144205,LMG,2.6296505968043067,24000,45.815917,1.025583,0,0,0
61,37.57,35.8,24210.0,66000.0,ACN.csv,6,240,2500,420.0,1500,1621.88,23000.0,38366.015346775624,25357.275581209,3029.4708644508,636.8137660822142,0.09534795953821536,318.18448607125964,-188.9160032529697,Cruise,45.411898614006994,1.2132483795696,344.79619323333964,0.0,0.0,0,6678.84,0.0,0.0,55187.449676975004,LMG,2.3828441475905193,24000,45.815917,1.025583,0,0,0
62,37.57,35.8,24210.0,66000.0,ACN.csv,6,240,2500,420.0,1500,1621.67,23000.0,38373.996304525775,25349.876280348,3008.1883104504,635.5869197133795,0.09583754323233384,318.2219419021518,-173.48637037143223,Cruise,45.454957849103,1.1957361093188001,343.337104868203,0.0,0.0,0,6631.92,0.0,0.0,55166.1671229746,LMG,2.1348313974746294,24000,45.815917,1.025583,0,0,0
63,37.57,35.8,24210.0,66000.0,ACN.csv,6,240,2500,420.0,1500,1621.45,23000.0,38381.96025256205,25345.991199247997,2986.9511156870003,632.4392133884659,0.09604094294520446,318.23406312140094,-165.4061999313289,Cruise,45.497790468603,1.1771395599691001,342.52802202568853,0.0,0.0,0,6585.1,0.0,0.0,55144.929928211204,LMG,1.8855156629392547,24000,45.815917,1.025583,0,0,0
64,37.57,35.8,24210.0,66000.0,ACN.csv,6,240,2500,420.0,1500,1621.24,23000.0,38389.9276025411,25343.915775605,2965.7048490762004,627.6747882033321,0.0960002796161872,318.2439720856596,-161.16360077532337,Cruise,45.540487172657,1.1579168781491,342.05228518055304,0.0,0.0,0,6538.26,0.0,0.0,55123.6836616004,LMG,1.6353300985116355,24000,45.815917,1.025583,0,0,0
65,37.57,35.8,24210.0,66000.0,ACN.csv,6,240,2500,420.0,1500,1621.03,23000.0,38397.894952520146,25342.778038072003,2944.4585824654,623.1786983949381,0.09600036639054908,318.24906549387435,-158.9233621206135,Cruise,45.583098117566,1.1383040483077,341.7484824820485,0.0,0.0,0,6491.42,0.0,0.0,55102.4373949896,LMG,1.3845848812637638,24000,45.815917,1.025583,0,0,0
66,37.57,35.8,24210.0,66000.0,ACN.csv,6,240,2500,420.0,1500,1620.82,23000.0,38405.86740541336,25342.157036697,2923.1987080835,618.2836318673957,0.09593899215110374,318.2519292980675,-157.5935499853476,Cruise,45.625649710569,1.118421539677,341.5338710053759,0.0,0.0,0,6444.55,0.0,0.0,55081.1775206077,LMG,1.1334120409258752,24000,45.815917,1.025583,0,0,0
67,37.57,35.8,24210.0,66000.0,ACN.csv,6,240,2500,420.0,1500,1620.6,23000.0,38413.833054421026,25341.800143606,2901.9569773964004,614.3149493784463,0.09602091829252393,318.2533690160186,-156.87156051365488,Cruise,45.668154654294995,1.0983264801744002,341.3555517313238,0.0,0.0,0,6397.72,0.0,0.0,55059.9357899206,LMG,0.8818775028133418,24000,45.815917,1.025583,0,0,0
68,37.57,35.8,24210.0,66000.0,ACN.csv,6,240,2500,420.0,1500,1620.39,23000.0,38421.80720828562,25341.577767702,2880.6925670908004,609.1625985944452,0.09591842946672333,318.25405143019907,-156.42761779154358,Cruise,45.710615820243994,1.0780328742924001,341.1781618689658,0.0,0.0,0,6350.84,0.0,0.0,55038.671379615,LMG,0.6299983074506854,24000,45.815917,1.025583,0,0,0
69,37.57,35.8,24210.0,66000.0,ACN.csv,6,240,2500,420.0,1500,1620.18,23000.0,38429.774558264675,25341.41654007,2859.44630048,605.1844457415183,0.09600007070772815,318.2538363560773,-156.11069932739017,Cruise,45.75302683962,1.0575160284538,340.96055127090233,0.0,0.0,0,6304.0,0.0,0.0,55017.4251130042,LMG,0.3777525175847775,24000,45.815917,1.025583,0,0,0
70,37.57,35.8,24210.0,66000.0,ACN.csv,6,240,2500,420.0,1500,1619.97,23000.0,38437.75211407205,25341.253651918,2838.172818327,599.9045345562583,0.09587581060815047,318.2497262025105,-155.88989095167236,Cruise,45.795360780925996,1.0366687556183,340.58463090351614,0.0,0.0,0,6257.1,0.0,0.0,54996.1516308512,LMG,0.12504844517137415,24000,45.815917,1.025583,0,0,0
71,37.57,35.8,24210.0,66000.0,ACN.csv,6,240,2500,420.0,1500,1619.75,23000.0,38445.78410096382,25340.464292429,2816.7541866156002,591.3130563748512,0.0952213338059433,318.237197014214,-140.36033632824413,Cruise,45.837440892177,1.0148197285772,340.329238131491,0.0,0.0,0,6209.88,0.0,0.0,54974.7329991398,BALAN,3.6784019693217065,24000,46.516111,1.033333,0,0,0
72,37.57,35.8,24210.0,66000.0,ACN.csv,6,240,2500,420.0,1500,1619.51,23000.0,38455.03398336905,25341.831715465,2792.0878335350003,507.24080673015874,0.08240448488833706,317.15595277385995,-167.04536708902555,Cruise,45.881015695984004,1.0016521309949,358.6185807361547,0.0,0.0,0,6155.5,0.0,0.0,54950.066646059204,BALAN,3.4579586663980533,24000,46.516111,1.033333,0,0,0
73,37.57,35.8,24210.0,66000.0,ACN.csv,6,240,2500,420.0,1500,1619.22,23000.0,38465.69907396867,25343.19983774,2763.647591936,436.65090110342453,0.07166670514433832,318.02400898652695,-159.98678026717488,Cruise,45.925705969842994,1.0021465286574,7.997958750833957,0.0,0.0,0,6092.8,0.0,0.0,54921.6264044602,BALAN,3.207450984195487,24000,46.516111,1.033333,0,0,0
74,37.57,35.8,24210.0,66000.0,ACN.csv,6,240,2500,420.0,1500,1618.95,23000.0,38475.98995086305,25347.144344896,2736.205253551,450.42695695135154,0.07466919035050504,319.70469141723663,-158.05534725095555,Cruise,45.97031974632999,1.0087713973519001,6.1284489375732445,0.0,0.0,0,6032.3,0.0,0.0,54894.184066075206,BALAN,2.949407903949542,24000,46.516111,1.033333,0,0,0
75,37.57,35.8,24210.0,66000.0,ACN.csv,6,240,2500,420.0,1500,1618.74,23000.0,38483.86544838717,25345.455355416,2715.20392682,582.0492693189378,0.0972350934378446,318.61480673167245,-236.59966018383682,Cruise,46.015161306918,1.0137610412517,4.14622047658244,0.0,0.0,0,5986.0,0.0,0.0,54873.1827393442,BALAN,2.716811825215573,24000,46.516111,1.033333,0,0,0
76,37.57,35.8,24210.0,66000.0,ACN.csv,6,240,2500,420.0,1500,1618.53,23000.0,38491.78857311015,25345.080041307003,2694.0755942254,573.2549688844442,0.0965169947376081,318.17596206878284,-163.16553115702175,Cruise,46.05990974798,1.0174460277013,2.9033944339874314,0.0,0.0,0,5939.42,0.0,0.0,54852.0544067496,BALAN,2.478128089391128,24000,46.516111,1.033333,0,0,0
77,37.57,35.8,24210.0,66000.0,ACN.csv,6,240,2500,420.0,1500,1618.31,23000.0,38499.80355028805,25345.400888171,2672.702321751,562.3054828655897,0.09543055901186119,318.24016520853894,-163.8695795897581,Cruise,46.10468147258,1.0202062156426999,2.217764860961756,0.0,0.0,0,5892.3,0.0,0.0,54830.681134275204,BALAN,2.235106119220728,24000,46.516111,1.033333,0,0,0
78,37.57,35.8,24210.0,66000.0,ACN.csv,6,240,2500,420.0,1500,1618.1,23000.0,38507.80491969485,25345.536426518,2651.3653366662,558.7655873812545,0.09559293981469677,318.23987215457515,-164.18674512041238,Cruise,46.149471924482,1.0224076089071,1.8058448699063832,0.0,0.0,0,5845.26,0.0,0.0,54809.3441491904,BALAN,1.9924107506743252,24000,46.516111,1.033333,0,0,0
79,37.57,35.8,24210.0,66000.0,ACN.csv,6,240,2500,420.0,1500,1617.89,23000.0,38515.792681330546,25345.608313577002,2630.064638971,555.2134167054287,0.09575451713526872,318.2353388940675,-164.32603015176053,Cruise,46.194268593084004,1.0242786934436998,1.56296659383987,0.0,0.0,0,5798.3,0.0,0.0,54788.04345149521,BALAN,1.7495791145295443,24000,46.516111,1.033333,0,0,0
80,37.57,35.8,24210.0,66000.0,ACN.csv,6,240,2500,420.0,1500,1617.67,23000.0,38523.78044296625,25345.645997011,2608.7639412758003,550.7144438803612,0.09575411015178395,318.2338271430418,-164.4023184835757,Cruise,46.239068319396,1.0259505580696,1.4126033412782133,0.0,0.0,0,5751.34,0.0,0.0,54766.742753800005,BALAN,1.5065591553473416,24000,46.516111,1.033333,0,0,0
81,37.57,35.8,24210.0,66000.0,ACN.csv,6,240,2500,420.0,1500,1617.46,23000.0,38531.7750084875,25345.664383822,2587.4450998858,545.747793878497,0.09567238170910165,318.23296586901347,-164.4400843091559,Cruise,46.283869769310996,1.0274921205603,1.30951879958437,0.0,0.0,0,5704.34,0.0,0.0,54745.42391241,BALAN,1.2633622907480186,24000,46.516111,1.033333,0,0,0
82,37.57,35.8,24210.0,66000.0,ACN.csv,6,240,2500,420.0,1500,1617.25,23000.0,38539.7627701232,25345.672289609,2566.1444021906,541.7152202328894,0.09575372703139781,318.23244281196105,-164.45662406293792,Cruise,46.328672312136,1.0289363800518,1.2275224771969229,0.0,0.0,0,5657.38,0.0,0.0,54724.123214714804,BALAN,1.0199889244704121,24000,46.516111,1.033333,0,0,0
83,37.57,35.8,24210.0,66000.0,ACN.csv,6,240,2500,420.0,1500,1617.03,23000.0,38547.75733564445,25345.67455537,2544.8255608006,536.7570014658576,0.0956721294218676,318.2320837306266,-164.46186110577744,Cruise,46.373475716602,1.0302942706981,1.149567871319032,0.0,0.0,0,5610.38,0.0,0.0,54702.804373324805,BALAN,0.7764397718839865,24000,46.516111,1.033333,0,0,0
84,37.57,35.8,24210.0,66000.0,ACN.csv,6,240,2500,420.0,1500,1616.82,23000.0,38555.745097280145,25345.673834022004,2523.5248631054,532.7169378835463,0.09575350016420588,318.23168230784086,-164.46124608952232,Cruise,46.41827998674599,1.0315593869888,1.060076096058512,0.0,0.0,0,5563.42,0.0,0.0,54681.5036756296,BALAN,0.5327166062534935,24000,46.516111,1.033333,0,0,0
85,37.57,35.8,24210.0,66000.0,ACN.csv,6,240,2500,420.0,1500,1616.61,23000.0,38563.74646668695,25345.671470267003,2502.1878780206002,527.3127945733959,0.09559036806264179,318.23074012354164,-164.45973916525077,Cruise,46.463085346351,1.0327013634885,0.9318579453830352,0.0,0.0,0,5516.38,0.0,0.0,54660.1666905448,BALAN,0.28882391144505154,24000,46.516111,1.033333,0,0,0
86,37.57,35.8,24210.0,66000.0,ACN.csv,6,240,2500,420.0,1500,1616.39,23000.0,38571.747836093746,25345.677984165,2480.8508929358004,522.80711857028,0.09558870331160249,318.2251704744427,-164.67325136931368,Cruise,46.507892262088006,1.0336182910853,0.6319783007447423,0.0,0.0,0,5469.34,0.0,0.0,54638.829705460004,BALAN,0.04480552157049199,24000,46.516111,1.033333,0,0,0
87,37.57,35.8,24210.0,66000.0,ACN.csv,6,240,2500,420.0,1500,1616.18,23000.0,38579.76281327165,25345.668195567003,2459.4776204614004,517.4469331468463,0.09543082596184704,318.2399263898331,-164.47502562599777,Cruise,46.55269485068499,1.0348851115859001,1.3156704611228178,0.0,0.0,0,5422.22,0.0,0.0,54617.4564329856,SOPIL,2.5918482498406643,24000,47.025833,1.055,0,0,0
88,37.57,35.8,24210.0,66000.0,ACN.csv,6,240,2500,420.0,1500,1615.97,23000.0,38587.7573787929,25345.64649446,2438.1587790714,514.2700758884667,0.09567423768486996,318.23921492062095,-164.4204830207282,Cruise,46.597491670244,1.0366287247669999,1.608011513990824,0.0,0.0,0,5375.22,0.0,0.0,54596.1375915956,SOPIL,2.3473597626274016,24000,47.025833,1.055,0,0,0
89,37.57,35.8,24210.0,66000.0,ACN.csv,6,240,2500,420.0,1500,1615.75,23000.0,38595.75194431415,25345.633325041003,2416.8399376814004,509.7620371331689,0.09567210759562647,318.23218527210275,-164.37702646141759,Cruise,46.642283394230006,1.0385794981076,1.743396300707353,0.0,0.0,0,5328.22,0.0,0.0,54574.8187502056,SOPIL,2.1027142034535404,24000,47.025833,1.055,0,0,0
90,37.57,35.8,24210.0,66000.0,ACN.csv,6,240,2500,420.0,1500,1615.54,23000.0,38603.7465098354,25345.62235614,2395.5210962914,505.2632824888159,0.09567169754125295,318.23086764498487,-164.35747697158354,Cruise,46.687072130852,1.0406268961524001,1.803915627352702,0.0,0.0,0,5281.22,0.0,0.0,54553.499908815604,SOPIL,1.8578387854608818,24000,47.025833,1.055,0,0,0
91,37.57,35.8,24210.0,66000.0,ACN.csv,6,240,2500,420.0,1500,1615.33,23000.0,38611.7478792422,25345.611435955,2374.1841112066004,500.3384108800384,0.09559060079707583,318.23176848415216,-164.33968600047692,Cruise,46.731859777035,1.0427128606944,1.823221143605291,0.0,0.0,0,5234.18,0.0,0.0,54532.1629237308,SOPIL,1.612766732395358,24000,47.025833,1.055,0,0,0
92,37.57,35.8,24210.0,66000.0,ACN.csv,6,240,2500,420.0,1500,1615.11,23000.0,38619.749248649,25345.601856137,2352.8471261218,495.84227063669096,0.0955906859341932,318.23209237672904,-164.32114181061326,Cruise,46.776647080904,1.0448036398244,1.817598429770483,0.0,0.0,0,5187.14,0.0,0.0,54510.825938646005,SOPIL,1.3675185555981637,24000,47.025833,1.055,0,0,0
93,37.57,35.8,24210.0,66000.0,ACN.csv,6,240,2500,420.0,1500,1614.9,23000.0,38627.759122912736,25345.593618521,2331.4874614185,490.81935797498573,0.09548921858250128,318.23222884783746,-164.3047517251256,Cruise,46.821434468562,1.0468770290293001,1.7945117021218568,0.0,0.0,0,5140.05,0.0,0.0,54489.4662739427,SOPIL,1.1220942235919409,24000,47.025833,1.055,0,0,0
94,37.57,35.8,24210.0,66000.0,ACN.csv,6,240,2500,420.0,1500,1614.69,23000.0,38635.762193290924,25345.586276562,2310.14594041,486.7400473792063,0.09557040003518678,318.23226117434143,-164.290349977055,Cruise,46.866222297613,1.0489150512275,1.7558552044420448,0.0,0.0,0,5093.0,0.0,0.0,54468.1247529342,SOPIL,0.8764952136152293,24000,47.025833,1.055,0,0,0
95,37.57,35.8,24210.0,66000.0,ACN.csv,6,240,2500,420.0,1500,1614.47,23000.0,38643.77717046882,25345.579611307003,2288.7726679356,481.5201591544296,0.09542838100676782,318.23214717221424,-164.2774508735127,Cruise,46.911010935775,1.0508981683507,1.6982244160180109,0.0,0.0,0,5045.88,0.0,0.0,54446.7514804598,SOPIL,0.6307238234744735,24000,47.025833,1.055,0,0,0
96,37.57,35.8,24210.0,66000.0,ACN.csv,6,240,2500,420.0,1500,1614.26,23000.0,38651.78534376118,25345.573561872003,2267.417539156,477.4319530592205,0.09550931284692736,318.23168692950856,-164.26666246487073,Cruise,46.955800896223,1.0527967653182,1.6085535288368709,0.0,0.0,0,4998.8,0.0,0.0,54425.3963516802,SOPIL,0.38478408193688884,24000,47.025833,1.055,0,0,0
97,37.57,35.8,24210.0,66000.0,ACN.csv,6,240,2500,420.0,1500,1614.05,23000.0,38659.80032093907,25345.567163276002,2246.0442666816,472.5265078656165,0.09542751305932864,318.2293053385414,-164.2763634577561,Cruise,47.000593198802,1.0545430399681999,1.4336208808963182,0.0,0.0,0,4951.68,0.0,0.0,54404.0230792058,SOPIL,0.1386894014232549,24000,47.025833,1.055,0,0,0
98,37.57,35.8,24210.0,66000.0,ACN.csv,6,240,2500,420.0,1500,1613.83,23000.0,38667.8255039453,25345.341859442997,2224.643778665,467.4527121437164,0.09531098218854447,318.24637347942553,-159.5603720200188,Cruise,47.045390199673996,1.055976845245,1.2050570082581509,0.0,0.0,0,4904.5,0.0,0.0,54382.6225911892,SOPIL,0.10759994442033967,24000,47.025833,1.055,0,0,0
99,37.57,35.8,24210.0,66000.0,ACN.csv,6,240,2500,420.0,1500,1613.62,23000.0,38675.84728500875,25345.577606927003,2203.2523624958003,463.1372936764683,0.09534792575287468,318.23377387187287,-164.1923325425478,Cruise,47.090189847758,1.0572221380847,0.9929104145127934,0.0,0.0,0,4857.34,0.0,0.0,54361.23117502,FIR12,0.42118097629382023,23000,47.1667,1.05833,0,0,0
100,37.57,35.8,24210.0,66000.0,ACN.csv,6,240,2500,420.0,1500,1613.4,23000.0,38683.8690660722,25345.569110817996,2181.8609463266002,458.63609588484314,0.09534697160705902,318.23062519370956,-164.26938914039016,Cruise,47.134991442901004,1.0582509021155,0.7886170466951248,0.0,0.0,0,4810.18,0.0,0.0,54339.8397588508,FIR12,0.1746029171529248,23000,47.1667,1.05833,0,0,0
101,37.57,35.8,24210.0,66000.0,ACN.csv,6,240,2500,420.0,1500,1613.19,23000.0,38691.94187627727,25344.475870081,2160.3334524464003,451.0311818148424,0.09470033548368209,318.0876626682737,-161.6055033935486,Cruise,47.179763139428,1.0601623748470999,3.5075688637284284,0.0,0.0,0,4762.72,0.0,0.0,54318.312264970606,FIR12,0.07260128531960837,23000,47.1667,1.05833,0,0,0
102,37.57,35.8,24210.0,66000.0,ACN.csv,6,240,2500,420.0,1500,1613.08,23000.0,38695.89153183905,25165.05982808,2149.801037615,879.8403208016783,0.18563990311249676,305.799330732431,-1312.6279680324535,Cruise,47.223256677490006,1.0706489179541998,13.29454913859517,0.0,0.0,0,4739.5,0.0,0.0,54307.7798501392,STAR_APP-5,12.564532026320808,-1,48.7710331,2.735600628,4200,0,0
103,37.57,35.8,24210.0,66000.0,ACN.csv,6,240,2500,420.0,1500,1613.04,23000.0,38697.4632294011,24737.368866074,2145.6098441162003,2076.745997938942,0.43903421755652794,289.4353192054071,-1518.8213381613193,Cruise,47.261998846787,1.0929433187297999,32.84547230263649,0.0,0.0,0,4730.26,0.0,0.0,54303.5886566404,STAR_APP-5,13.092086386719286,-1,48.7710331,2.735600628,4200,0,0
104,37.57,35.8,24210.0,66000.0,ACN.csv,6,240,2500,420.0,1500,1613.0,23000.0,38699.02982404899,24277.915038946,2141.4322583885,1943.5433466709708,0.41167607770961345,272.1914920007082,-1418.807807291346,Cruise,47.294400894350005,1.124907253832,39.17956321793072,0.0,0.0,0,4721.05,0.0,0.0,54299.411070912705,STAR_APP-5,13.720441649754532,-1,48.7710331,2.735600628,4200,0,0
105,37.57,35.8,24210.0,66000.0,ACN.csv,6,240,2500,420.0,1500,1612.96,23000.0,38700.59641869688,23817.745995041,2137.2546726608,1873.1080228103845,0.3975321791084554,264.4783514018243,-1493.8049923262952,Cruise,47.32421791997599,1.1572956026678,36.96852698800672,0.0,0.0,0,4711.84,0.0,0.0,54295.233485185,STAR_APP-5,13.92205056929595,-1,48.7710331,2.735600628,4200,0,0
106,37.57,35.8,24210.0,66000.0,ACN.csv,6,240,2500,420.0,1500,1612.92,23000.0,38702.16131237337,23353.781666012,2133.0816228568,1831.8644310880045,0.38953958437983865,260.51690210441694,-1498.540288767477,Cruise,47.353356558403995,1.1886261968901999,36.54557210126197,0.0,0.0,0,4702.64,0.0,0.0,54291.060435381005,STAR_APP-5,13.938484579822601,-1,48.7710331,2.735600628,4200,0,0
107,37.57,35.8,24210.0,66000.0,ACN.csv,6,240,2500,420.0,1500,1612.87,23000.0,38703.729607992645,22889.037920751,2128.8995012054,1788.5810819315739,0.3810826821233927,257.0436656113826,-1499.4175996337228,Cruise,47.381968312702,1.2192287565563,36.33753441507543,0.0,0.0,0,4693.42,0.0,0.0,54286.878313729605,STAR_APP-5,13.932535205308849,-1,48.7710331,2.735600628,4200,0,0
108,37.57,35.8,24210.0,66000.0,ACN.csv,6,240,2500,420.0,1500,1612.83,23000.0,38705.3013055547,22423.582201411,2124.7083077066004,1749.1214779180812,0.3734103894210045,254.0372226274708,-1499.5611498355565,Cruise,47.410133476329996,1.2491027729669,36.12272799167593,0.0,0.0,0,4684.18,0.0,0.0,54282.6871202308,STAR_APP-5,13.90412572078762,-1,48.7710331,2.735600628,4200,0,0
109,37.57,35.8,24210.0,66000.0,ACN.csv,6,240,2500,420.0,1500,1612.79,22957.591135087,38706.869601173974,21957.591135087,2120.5261860552,1721.4143582094064,0.3682201255645837,251.58272451063303,-1499.620134202606,Descent,47.437877321449,1.2783847241073,36.02487058853895,0.0,0.0,0,4674.96,0.0,0.0,54278.5049985794,STAR_APP-5,13.847172902160029,-1,48.7710331,2.735600628,4200,0,0
110,37.57,35.8,24210.0,66000.0,ACN.csv,6,240,2500,420.0,1500,1612.75,22491.093484825,38708.43449485047,21491.093484825,2116.3531362512003,1696.9748326347874,0.363708127429355,249.57890962753177,-1499.6823890134146,Descent,47.465225127278,1.3072008646588,35.995335356539904,0.0,0.0,0,4665.76,0.0,0.0,54274.331948775405,STAR_APP-5,13.766102528999987,-1,48.7710331,2.735600628,4200,0,0
111,37.57,35.8,24210.0,66000.0,ACN.csv,6,240,2500,420.0,1500,1612.71,22024.127707625,38710.001089498364,21024.127707625,2112.1755505235,1669.676683673592,0.35856517887139444,247.93670375128374,-1499.7270014369753,Descent,47.492207557641,1.335631026457,35.996329042936786,0.0,0.0,0,4656.55,0.0,0.0,54270.1543630477,STAR_APP-5,13.665155860699317,-1,48.7710331,2.735600628,4200,0,0
112,37.57,35.8,24210.0,66000.0,ACN.csv,6,240,2500,420.0,1500,1612.66,21556.732991629,38711.56768414625,20556.732991629,2107.9979647958003,1646.3929339193185,0.35426565173181185,246.5864471355253,-1499.7843789103276,Descent,47.518855073256,1.3637271108631,36.01025987233757,0.0,0.0,0,4647.34,0.0,0.0,54265.97677732,STAR_APP-5,13.54780267141661,-1,48.7710331,2.735600628,4200,0,0
113,37.57,35.8,24210.0,66000.0,ACN.csv,6,240,2500,420.0,1500,1612.62,21088.945947273998,38713.1393817083,20088.945947273998,2103.806771297,1619.5773743521415,0.34918983513769464,245.47260135778097,-1499.8249682638984,Descent,47.545194773878,1.3915255295138,36.02958222759844,0.0,0.0,0,4638.1,0.0,0.0,54261.785583821205,STAR_APP-5,13.416905637620461,-1,48.7710331,2.735600628,4200,0,0
114,37.57,35.8,24210.0,66000.0,ACN.csv,6,240,2500,420.0,1500,1612.58,20620.812397746,38714.70767732758,19620.812397746,2099.6246496456,1603.2965087018265,0.3463681298071729,244.5956609871699,-1499.7824678702473,Descent,47.571251022036,1.4190549004601,36.051113670051826,0.0,0.0,0,4628.88,0.0,0.0,54257.603462169805,STAR_APP-5,13.272355199930177,-1,48.7710331,2.735600628,4200,0,0
115,37.57,35.8,24210.0,66000.0,ACN.csv,6,240,2500,420.0,1500,1612.54,20152.366682822,38716.272571004076,19152.366682822,2095.4515998416005,1588.7379564031821,0.34390649490942704,243.97209004758744,-1499.8074436102693,Descent,47.597051279312,1.4463453090382001,36.073733170191296,0.0,0.0,0,4619.68,0.0,0.0,54253.4304123658,STAR_APP-5,13.113232533789285,-1,48.7710331,2.735600628,4200,0,0
116,37.57,35.8,24210.0,66000.0,ACN.csv,6,240,2500,420.0,1500,1612.5,19683.623889479,38717.84086662335,18683.623889479,2091.2694781902,1568.6852320992848,0.34024484153409523,243.55007005911702,-1499.8478755370063,Descent,47.622619780712,1.4734227426009,36.09693573181779,0.0,0.0,0,4610.46,0.0,0.0,54249.2482907144,STAR_APP-5,12.942401953537706,-1,48.7710331,2.735600628,4200,0,0
117,37.57,35.8,24210.0,66000.0,ACN.csv,6,240,2500,420.0,1500,1612.46,19214.606755371,38719.40576029985,18214.606755371,2087.0964283862004,1556.5638176865918,0.33829077637138344,243.28738693463012,-1499.8824027718756,Descent,47.647975545631,1.5003073514579999,36.120501688402314,0.0,0.0,0,4601.26,0.0,0.0,54245.0752409104,STAR_APP-5,12.762218467037204,-1,48.7710331,2.735600628,4200,0,0
118,37.57,35.8,24210.0,66000.0,ACN.csv,6,240,2500,420.0,1500,1612.41,18745.337056436,38720.98085980467,17745.337056436,2082.89616304,1531.928828313062,0.3336081943190466,243.15728071521787,-1499.8936645819315,Descent,47.673133427195,1.5270146507628,36.14560845508372,0.0,0.0,0,4592.0,0.0,0.0,54240.874975564206,STAR_APP-5,12.574209112415497,-1,48.7710331,2.735600628,4200,0,0
119,37.57,35.8,24210.0,66000.0,ACN.csv,6,240,2500,420.0,1500,1612.37,18275.828721981,38722.54575348117,17275.828721981,2078.7231132360002,1527.9949974072022,0.3334195246153448,243.13013355933725,-1499.9325908522057,Descent,47.698105211312,1.5535556021449,36.1708164344966,0.0,0.0,0,4582.8,0.0,0.0,54236.7019257602,STAR_APP-5,12.380034411798674,-1,48.7710331,2.735600628,4200,0,0
120,37.57,35.8,24210.0,66000.0,ACN.csv,6,240,2500,420.0,1500,1612.33,17806.093595418002,38724.11064715767,16806.093595418002,2074.550063432,1514.57868630386,0.3311567881545959,243.17806647986498,-1499.9555196000513,Descent,47.72289990107701,1.5799382655718002,36.19545962260594,0.0,0.0,0,4573.6,0.0,0.0,54232.5288759562,STAR_APP-5,12.181220931032204,-1,48.7710331,2.735600628,4200,0,0
121,37.57,35.8,24210.0,66000.0,ACN.csv,6,240,2500,420.0,1500,1612.29,17336.142431147,38725.67894277695,16336.142431147,2070.3679417806,1498.290425655528,0.3282571621239967,243.2842019945326,-1499.9699502227256,Descent,47.747524151703,1.6061691085324,36.22009397814449,0.0,0.0,0,4564.38,0.0,0.0,54228.3467543048,STAR_APP-5,11.97869148931312,-1,48.7710331,2.735600628,4200,0,0
122,37.57,35.8,24210.0,66000.0,ACN.csv,6,240,2500,420.0,1500,1612.25,16865.982556516,38727.24383645345,15865.982556516,2066.1948919766,1488.8251005877114,0.32684221053563445,243.43542707864188,-1499.9823500618736,Descent,47.771982902065,1.6322530515473,36.2448827380885,0.0,0.0,0,4555.18,0.0,0.0,54224.173704500805,STAR_APP-5,11.773151904398713,-1,48.7710331,2.735600628,4200,0,0
123,37.57,35.8,24210.0,66000.0,ACN.csv,6,240,2500,420.0,1500,1612.2,16395.619687186,38728.818935958276,15395.619687186001,2061.9946266304,1466.7467146723534,0.32265123774117305,243.62096112936368,-1499.9923417872467,Descent,47.796279785529,1.6581937030177,36.26987262515119,0.0,0.0,0,4545.92,0.0,0.0,54219.9734391546,STAR_APP-5,11.565168173158238,-1,48.7710331,2.735600628,4200,0,0
124,37.57,35.8,24210.0,66000.0,ACN.csv,6,240,2500,420.0,1500,1612.16,15925.057576398,38730.383829634775,14925.057576398,2057.8215768264004,1463.99222059429,0.32269838574879867,243.83231748566402,-1499.9999844290596,Descent,47.820417413406,1.6839936079025,36.2950884300766,0.0,0.0,0,4536.72,0.0,0.0,54215.8003893506,STAR_APP-5,11.35517380163009,-1,48.7710331,2.735600628,4200,0,0
125,37.57,35.8,24210.0,66000.0,ACN.csv,6,240,2500,420.0,1500,1612.12,15454.298889021002,38731.95212525405,14454.298889021002,2053.639455175,1448.6441271230196,0.319965571976371,244.0626222447488,-1500.0029588355228,Descent,47.844397592011994,1.7096544609513997,36.32054425932607,0.0,0.0,0,4527.5,0.0,0.0,54211.6182676992,STAR_APP-5,11.143507559622169,-1,48.7710331,2.735600628,4200,0,0
126,37.57,35.8,24210.0,66000.0,ACN.csv,6,240,2500,420.0,1500,1612.08,14983.345767687,38733.51701893055,13983.345767687,2049.4664053710003,1439.6956699485431,0.31863658233152803,244.3067723121527,-1500.009840626473,Descent,47.868221495878004,1.7351772844262001,36.34624716630195,0.0,0.0,0,4518.3,0.0,0.0,54207.445217895205,STAR_APP-5,10.930411056703555,-1,48.7710331,2.735600628,4200,0,0
127,37.57,35.8,24210.0,66000.0,ACN.csv,6,240,2500,420.0,1500,1612.04,14512.199072551999,38735.08191260705,13512.199072551999,2045.2933555670002,1427.6636421679295,0.31661831455676953,244.5601541359717,-1500.011661635083,Descent,47.891889802056,1.7605625704232999,36.37220973046973,0.0,0.0,0,4509.1,0.0,0.0,54203.2721680912,STAR_APP-5,10.71609124688272,-1,48.7710331,2.735600628,4200,0,0
128,37.57,35.8,24210.0,66000.0,ACN.csv,6,240,2500,420.0,1500,1612.0,14040.860326431999,38736.65701211187,13040.860326431999,2041.0930902208001,1406.4851232690175,0.3125633629793543,244.81944881741748,-1500.0290826777023,Descent,47.915402802677,1.785810399142,36.398441060982144,0.0,0.0,0,4499.84,0.0,0.0,54199.071902745,STAR_APP-5,10.500686339874184,-1,48.7710331,2.735600628,4200,0,0
129,37.57,35.8,24210.0,66000.0,ACN.csv,6,240,2500,420.0,1500,1611.95,13569.328848718998,38738.22190578837,12569.328848718998,2036.9200404168002,1403.700663892645,0.3125836548671559,245.0820956381436,-1500.0178385095628,Descent,47.938760490567,1.8109205321226,36.424952235904435,0.0,0.0,0,4490.64,0.0,0.0,54194.898852941005,STAR_APP-5,10.284293683823106,-1,48.7710331,2.735600628,4200,0,0
130,37.57,35.8,24210.0,66000.0,ACN.csv,6,240,2500,420.0,1500,1611.91,13097.605041548,38739.790201407646,12097.605041548,2032.7379187654,1388.7364249402824,0.309887585841158,245.3461449950246,-1500.0188798277436,Descent,47.961962623900995,1.835892484315,36.45176390141435,0.0,0.0,0,4481.42,0.0,0.0,54190.716731289605,STAR_APP-5,10.06697795151416,-1,48.7710331,2.735600628,4200,0,0
131,37.57,35.8,24210.0,66000.0,ACN.csv,6,240,2500,420.0,1500,1611.87,12625.688385511,38741.35509508415,11625.688385511,2028.5648689614002,1379.8231999870636,0.3085320489571317,245.60958804311016,-1500.0210369054212,Descent,47.985008779494,1.860725581821,36.47889309080571,0.0,0.0,0,4472.22,0.0,0.0,54186.5436814856,STAR_APP-5,9.84880054834843,-1,48.7710331,2.735600628,4200,0,0
132,37.57,35.8,24210.0,66000.0,ACN.csv,6,240,2500,420.0,1500,1611.83,12153.578436728001,38742.92339070342,11153.578436728001,2024.38274731,1364.9175291345532,0.30582960545251026,245.87114288781459,-1500.0204213514337,Descent,48.007898396334,1.8854190094266998,36.50635762299494,0.0,0.0,0,4463.0,0.0,0.0,54182.3615598342,STAR_APP-5,9.62978784140602,-1,48.7710331,2.735600628,4200,0,0
133,37.57,35.8,24210.0,66000.0,ACN.csv,6,240,2500,420.0,1500,1611.79,11681.27441138,38744.495088265474,10681.27441138,2020.1915538112003,1350.0679330435123,0.3031299246128018,246.13029892939488,-1500.0228993067806,Descent,48.03063081092,1.9099718495817,36.53418315557986,0.0,0.0,0,4453.76,0.0,0.0,54178.170366335406,STAR_APP-5,9.409932479138826,-1,48.7710331,2.735600628,4200,0,0
134,37.57,35.8,24210.0,66000.0,ACN.csv,6,240,2500,420.0,1500,1611.74,11208.775578932,38746.061682913365,10208.775578932,2016.0139680835002,1342.5323135242063,0.3020625965562782,246.38585745488817,-1500.0233031966204,Descent,48.053205283985,1.9343831130242,36.56238871075593,0.0,0.0,0,4444.55,0.0,0.0,54173.9927806077,STAR_APP-5,9.189251014877799,-1,48.7710331,2.735600628,4200,0,0
135,37.57,35.8,24210.0,66000.0,ACN.csv,6,240,2500,420.0,1500,1611.7,10736.0828855909,38747.62827756125,9736.0828855909,2011.8363823558002,1330.6367748875678,0.3000078404107842,246.64623110780386,-1500.011691337231,Descent,48.075621018245,1.9586517300525002,36.59135337714174,0.0,0.0,0,4435.34,0.0,0.0,54169.81519488,STAR_APP-5,8.967405893465415,-1,48.7710331,2.735600628,4200,0,0
136,37.57,35.8,24210.0,66000.0,ACN.csv,6,240,2500,420.0,1500,1611.66,10263.203133895,38749.19317123775,9263.203133895,2007.6633325518003,1320.3651967975948,0.29831076215338753,246.9395301717806,-1499.9500587852588,Descent,48.097877814808996,1.9827769762249,36.62059023325961,0.0,0.0,0,4426.14,0.0,0.0,54165.642145076,STAR_APP-5,8.743386219429196,-1,48.7710331,2.735600628,4200,0,0
137,37.57,35.8,24210.0,66000.0,ACN.csv,6,240,2500,420.0,1500,1611.62,9790.153252034499,38750.761466857024,8790.153252034499,2003.4812109004001,1306.394321474417,0.2957704285960391,247.34325344034315,-1499.9370917717454,Descent,48.119981916876,2.0067653692529,36.650107751038156,0.0,0.0,0,4416.92,0.0,0.0,54161.4600234246,STAR_APP-5,8.51450154948342,-1,48.7710331,2.735600628,4200,0,0
138,37.57,35.8,24210.0,66000.0,ACN.csv,6,240,2500,420.0,1500,1611.58,9316.9257076399,38752.33316441908,8316.9257076399,1999.2900174016002,1293.0012387241327,0.29335188550986746,247.8478886139333,-1499.9432414073835,Descent,48.141942093662,2.0306265981329,36.680167764513214,0.0,0.0,0,4407.68,0.0,0.0,54157.2688299258,STAR_APP-5,8.281245231065139,-1,48.7710331,2.735600628,4200,0,0
139,37.57,35.8,24210.0,66000.0,ACN.csv,6,240,2500,420.0,1500,1611.54,8843.5260072941,38753.90146003835,7843.5260072941,1995.1078957502002,1285.6589033883256,0.29229750944383387,248.43928281358023,-1499.9551306056203,Descent,48.163765609295,2.0543688186513003,36.71084746508844,0.0,0.0,0,4398.46,0.0,0.0,54153.0867082744,STAR_APP-5,8.044244619721804,-1,48.7710331,2.735600628,4200,0,0
140,37.57,35.8,24210.0,66000.0,ACN.csv,6,240,2500,420.0,1500,1611.49,8369.9618754722,38755.46635371485,7369.9618754722,1990.9348459462,1278.6560518061392,0.29131472088829075,249.10628605898367,-1499.9608277374746,Descent,48.185458455457,2.0779988593688996,36.74219776052265,0.0,0.0,0,4389.26,0.0,0.0,54148.9136584704,STAR_APP-5,7.80399339183322,-1,48.7710331,2.735600628,4200,0,0
141,37.57,35.8,24210.0,66000.0,ACN.csv,6,240,2500,420.0,1500,1611.45,7896.2394592439005,38757.032948362736,6896.2394592439005,1986.7572602185003,1267.7856108491262,0.2894454654282773,249.83990559677287,-1499.9687834635176,Descent,48.207025569870005,2.1015224549407,36.77427922515887,0.0,0.0,0,4380.05,0.0,0.0,54144.7360727427,STAR_APP-5,7.560887898344884,-1,48.7710331,2.735600628,4200,0,0
142,37.57,35.8,24210.0,66000.0,ACN.csv,6,240,2500,420.0,1500,1611.41,7422.364353172,38758.59954301063,6422.364353172,1982.5796744908002,1258.5676077414034,0.2879463919387128,250.6334196730336,-1499.976823321711,Descent,48.228471045451,2.1249444557439,36.80713634528068,0.0,0.0,0,4370.84,0.0,0.0,54140.558487015005,STAR_APP-5,7.315230791313284,-1,48.7710331,2.735600628,4200,0,0
143,37.57,35.8,24210.0,66000.0,ACN.csv,6,240,2500,420.0,1500,1611.37,7038.6088885637,38760.17124057267,6038.6088885637,1978.3884809920003,1230.9797992121487,0.2822312452338932,248.1468159303251,-874.8807841750962,Descent,48.249741666532,2.1482039579215,36.832951995839814,0.0,0.0,0,4361.6,0.0,0.0,54136.3672935162,STAR_APP-5,7.151484825450249,-1,48.7710331,2.735600628,4200,0,0
144,37.57,35.8,24210.0,66000.0,ACN.csv,6,240,2500,420.0,1500,1611.31,6846.896801425,38762.4267286325,5846.896801425,1972.3738461658002,838.0523725107681,0.1927292650783444,244.01197100326434,-472.06199148681367,Descent,48.270526633598,2.1709517992303002,36.85260128081801,0.0,0.0,0,4348.34,0.0,0.0,54130.352658690004,STAR_APP-5,7.010700937908949,-1,48.7710331,2.735600628,4200,0,0
145,37.57,35.8,24210.0,66000.0,ACN.csv,6,240,2500,420.0,1500,1611.19,6750.3690068713,38766.8900775533,5750.3690068713,1960.4715823770002,421.51165759921275,0.0975247351054378,244.76530269509112,-279.8310425809235,Descent,48.29115669825,2.1935589972593,36.88235239229074,0.0,0.0,0,4322.1,0.0,0.0,54118.4503949012,STAR_APP-5,6.7166461487608915,-1,48.7710331,2.735600628,4200,0,0
146,37.57,35.8,24210.0,66000.0,ACN.csv,6,240,2500,420.0,1500,1611.06,6700.3793439889005,38771.85351206202,5700.3793439889005,1947.2357570204001,377.0997736942194,0.08784225508377035,245.3858979302302,-181.12683604286704,Descent,48.311822901814004,2.2162440672482,36.91654476458407,0.0,0.0,0,4292.92,0.0,0.0,54105.2145695446,STAR_APP-5,6.420834526882454,-1,48.7710331,2.735600628,4200,0,0
147,37.57,35.8,24210.0,66000.0,ACN.csv,6,240,2500,420.0,1500,1610.92,6672.614729164799,38776.94281845342,5672.614729164799,1933.66427331,365.2890519391028,0.08568825989657584,245.56150327784403,-76.49646284095392,Descent,48.332495614931,2.2389746919209,36.951079804651954,0.0,0.0,0,4263.0,0.0,0.0,54091.64308583421,STAR_APP-5,6.134350331664241,-1,48.7710331,2.735600628,4200,0,0
148,37.57,35.8,24210.0,66000.0,ACN.csv,6,240,2500,420.0,1500,1610.79,6631.248935176701,38782.01511513095,5631.248935176701,1920.1381488366003,364.5125288799358,0.08610844067106425,246.1237612522456,-566.2325789827617,Descent,48.353162127346,2.2617392535317,36.999608484738644,0.0,0.0,0,4233.18,0.0,0.0,54078.1169613608,STAR_APP-5,5.840079571062362,-1,48.7710331,2.735600628,4200,0,0
149,37.57,35.8,24210.0,66000.0,ACN.csv,6,240,2500,420.0,1500,1610.7,6446.9889261254,38785.41705790595,5446.9889261254,1911.0663014366003,539.2678105806895,0.12799543588944443,246.1872189507924,-508.967177882639,Descent,48.373828189082005,2.2845468829604,37.03886007444608,0.0,0.0,0,4213.18,0.0,0.0,54069.045113960805,STAR_APP-5,5.572043442638641,-1,48.7710331,2.735600628,4200,0,0
150,37.57,35.8,24210.0,66000.0,ACN.csv,6,240,2500,420.0,1500,1610.59,6343.1658096576,38789.513847492744,5343.1658096576,1900.1415292051502,443.37236781664734,0.10583965458330434,245.61226802541702,-291.6930712293519,Descent,48.394384543279,2.3072712480497004,37.076286146985396,0.0,0.0,0,4189.095,0.0,0.0,54058.12034172935,STAR_APP-5,5.30972458827,-1,48.7710331,2.735600628,4200,0,0
151,37.57,35.8,24210.0,66000.0,ACN.csv,6,240,2500,420.0,1500,1610.46,6290.0570266636,38794.34783807888,5290.0570266636,1887.2508876421202,373.10447233681236,0.089674003055468,245.78043065912385,-188.11498641117322,Descent,48.414893238485,2.3299844217007997,37.117022611841456,0.0,0.0,0,4160.676,0.0,0.0,54045.229700166325,STAR_APP-5,5.025685847868628,-1,48.7710331,2.735600628,4200,0,0
152,37.57,35.8,24210.0,66000.0,ACN.csv,6,240,2500,420.0,1500,1610.32,6262.2653167122,38799.45755612693,5262.2653167122,1873.6249728473204,350.4756206197177,0.08484785893013029,245.94110616705908,-134.0709826477033,Descent,48.435391952048995,2.3527311441692,37.16094811313435,0.0,0.0,0,4130.636,0.0,0.0,54031.603785371524,STAR_APP-5,4.739341803073538,-1,48.7710331,2.735600628,4200,0,0
153,37.57,35.8,24210.0,66000.0,ACN.csv,6,240,2500,420.0,1500,1610.18,6247.7157985006,38804.682089743634,5247.7157985006,1859.6928832027702,340.2313790088826,0.08298486214951034,246.01073537734663,-105.73163944976605,Descent,48.455880138115,2.3755125951112004,37.20708791250764,0.0,0.0,0,4099.921,0.0,0.0,54017.671695726975,STAR_APP-5,4.453537012371839,-1,48.7710331,2.735600628,4200,0,0
154,37.57,35.8,24210.0,66000.0,ACN.csv,6,240,2500,420.0,1500,1610.04,6240.1221875383,38809.9757168181,5240.1221875383,1845.5765443375262,333.2380785983715,0.08190082947761929,246.0418556694082,-90.90330087305738,Descent,48.476355566990996,2.3983280795741,37.25559947402542,0.0,0.0,0,4068.7998000000002,0.0,0.0,54003.55535686173,STAR_APP-5,4.167761435521905,-1,48.7710331,2.735600628,4200,0,0
155,37.57,35.8,24210.0,66000.0,ACN.csv,6,240,2500,420.0,1500,1609.9,6236.1450491148,38815.29919594042,5236.1450491148,1831.380600011347,328.81812495671227,0.08144095913058551,246.05775361324172,-83.1345352742685,Descent,48.496817457729996,2.4211787122847004,37.30662781952244,0.0,0.0,0,4037.5031,0.0,0.0,53989.35941253555,STAR_APP-5,3.881854301346161,-1,48.7710331,2.735600628,4200,0,0
156,37.57,35.8,24210.0,66000.0,ACN.csv,6,240,2500,420.0,1500,1609.76,6234.0541000095,38820.64165790342,5234.0541000095,1817.1340347766761,325.09986600368165,0.08115131624036497,246.06625942459885,-79.06324115478725,Descent,48.51726519760899,2.4440659828609,37.36041913822057,0.0,0.0,0,4006.0948000000003,0.0,0.0,53975.11284730088,STAR_APP-5,3.5958119942336677,-1,48.7710331,2.735600628,4200,0,0
157,37.57,35.8,24210.0,66000.0,ACN.csv,6,240,2500,420.0,1500,1609.61,6232.9507531277,38825.98582083781,5232.9507531277,1802.882933618305,322.44693196446855,0.08112532729757216,246.0706907179946,-76.89768017370223,Descent,48.537698040946,2.4669915123287995,37.41735489049059,0.0,0.0,0,3974.6765,0.0,0.0,53960.86174614251,STAR_APP-5,3.3096425354724914,-1,48.7710331,2.735600628,4200,0,0
158,37.57,35.8,24210.0,66000.0,ACN.csv,6,240,2500,420.0,1500,1609.47,6216.4675171983,38831.27243991016,5216.4675171983,1788.785282758705,323.70841191134144,0.08208456719934239,246.37287601156459,-553.8765872653258,Descent,48.558115788643,2.4899582672603,37.486031158760795,0.0,0.0,0,3943.5965,0.0,0.0,53946.76409528291,STAR_APP-5,3.020521364566234,-1,48.7710331,2.735600628,4200,0,0
159,37.57,35.8,24210.0,66000.0,ACN.csv,6,240,2500,420.0,1500,1609.38,6005.5462712043,38834.57572634469,5005.5462712043,1779.9765189333052,515.297660406672,0.1313135788888884,247.21303762703687,-786.7338559780902,Descent,48.578538098588,2.5129958312508,37.56061374445117,0.0,0.0,0,3924.1765,0.0,0.0,53937.95533145751,STAR_APP-5,2.7351696478406424,-1,48.7710331,2.735600628,4200,0,0
160,37.57,35.8,24210.0,66000.0,ACN.csv,6,240,2500,420.0,1500,1609.33,5733.2136395463,38836.75921058471,4733.2136395463,1774.1538942932498,772.0735614578726,0.1973936295394065,246.86199091317977,-760.358720340396,Descent,48.598862157014,2.5359851956779997,37.63045876722414,0.0,0.0,0,3911.33981,0.0,0.0,53932.13270681745,STAR_APP-5,2.465231384048221,-1,48.7710331,2.735600628,4200,0,0
161,37.57,35.8,24210.0,66000.0,ACN.csv,6,240,2500,420.0,1500,1609.24,5569.2477099062,38840.11179287101,4569.2477099062,1765.2136748631,497.3413074398762,0.12779768565867675,246.1367431426989,-413.3459134433669,Descent,48.619029975051,2.5588615882733,37.69792235374931,0.0,0.0,0,3891.63,0.0,0.0,53923.19248738731,STAR_APP-5,2.1925895798505834,-1,48.7710331,2.735600628,4200,0,0
162,37.57,35.8,24210.0,66000.0,ACN.csv,6,240,2500,420.0,1500,1609.12,5486.3820988224,38844.67549910367,4486.3820988224,1753.043791576,362.7932038544815,0.09387114568787039,246.48120528742146,-248.99287910767606,Descent,48.639129883860996,2.5817341543704,37.779307870313566,0.0,0.0,0,3864.8,0.0,0.0,53911.0226041002,STAR_APP-5,1.9060053529049803,-1,48.7710331,2.735600628,4200,0,0
163,37.57,35.8,24210.0,66000.0,ACN.csv,6,240,2500,420.0,1500,1608.98,5443.6835459729,38849.6797569257,4443.6835459729,1739.6991040506002,328.45403308001426,0.08563793759158525,246.76317907727275,-163.673700478788,Descent,48.659213080296,2.6046706752225,37.87278165470664,0.0,0.0,0,3835.38,0.0,0.0,53897.6779165748,STAR_APP-5,1.6183025866524574,-1,48.7710331,2.735600628,4200,0,0
164,37.57,35.8,24210.0,66000.0,ACN.csv,6,240,2500,420.0,1500,1608.84,5421.7261145729,38854.86771965757,4421.7261145729,1725.8645367656002,314.32386647081205,0.08261071741311475,246.87829550979185,-119.57774212336386,Descent,48.679272709633,2.6276743104044,37.982900736958726,0.0,0.0,0,3804.88,0.0,0.0,53883.843349289804,STAR_APP-5,1.3309584198719135,-1,48.7710331,2.735600628,4200,0,0
165,37.57,35.8,24210.0,66000.0,ACN.csv,6,240,2500,420.0,1500,1608.7,5410.3931491852,38860.16114261548,4410.3931491852,1711.7487422112001,305.53989871274626,0.08096431641459612,246.92801623161378,-97.00355679403482,Descent,48.699299664446,2.6507513571347,38.11724857034689,0.0,0.0,0,3773.76,0.0,0.0,53869.7275547354,STAR_APP-5,1.0435055278806045,-1,48.7710331,2.735600628,4200,0,0
166,37.57,35.8,24210.0,66000.0,ACN.csv,6,240,2500,420.0,1500,1608.56,5404.5266493177005,38865.49879082945,4404.5266493177005,1697.5150136406,300.4857881362652,0.08029269826588033,246.95222621539608,-85.23367735527384,Descent,48.719284877716,2.6739172280863,38.290107134074276,0.0,0.0,0,3742.38,0.0,0.0,53855.493826164806,STAR_APP-5,0.7557992561884526,-1,48.7710331,2.735600628,4200,0,0
167,37.57,35.8,24210.0,66000.0,ACN.csv,6,240,2500,420.0,1500,1608.42,5401.4614405306,38870.87726235673,4401.4614405306,1683.1724229012002,295.68352590515764,0.0796827404373114,246.96451158344755,-79.12382638122108,Descent,48.739213218188,2.6972005124584,38.53675948211266,0.0,0.0,0,3710.76,0.0,0.0,53841.1512354254,STAR_APP-5,0.46775952760005696,-1,48.7710331,2.735600628,4200,0,0
168,37.57,35.8,24210.0,66000.0,ACN.csv,6,240,2500,420.0,1500,1608.33,5396.5707578594,38874.095500221876,4396.5707578594,1674.5904552608001,473.23149002736426,0.12818309840820952,237.7384159576428,-81.61303311652847,Approach,48.758839525930995,2.7204180078627997,39.01719297716164,0.0,0.0,0,3691.84,0.0,0.0,53832.569267785,STAR_APP-5,0.18937076402984668,-1,48.7710331,2.735600628,4200,0,0
169,37.57,35.8,24210.0,66000.0,ACN.csv,6,240,2500,420.0,1500,1608.29,5397.6381091466,38875.79647160938,4397.6381091466,1670.0545315608001,833.1387104290274,0.22628324708000003,221.8152230314923,-20.59584495331024,Descent,48.777109209911,2.7427249529394,33.254304360769225,0.0,0.0,0,3681.84,0.0,0.0,53828.033344085,STAR_APP-5,0.09796287234841625,-1,48.7710331,2.735600628,4200,0,0
170,37.57,35.8,24210.0,66000.0,ACN.csv,6,240,2500,420.0,1500,1608.2,5339.9963366969005,38878.972185189836,4339.9963366969005,1661.5859620129002,406.7496510770015,0.1110376125260366,203.4294467371654,-1402.9615291693144,Approach,48.797383076469,2.7531382057916005,355.23570589598864,11.6,18.0,0,3663.17,0.0,0.0,53819.5647745371,STAR_APP-4,0.6127921961617545,-1,48.81507396,2.69989449,3200,0,0
171,37.57,35.8,24210.0,66000.0,ACN.csv,6,240,2500,420.0,1500,1608.16,4979.886209038,38880.610220636,3979.886209038,1657.2178674898,729.8846569527769,0.19977464512576212,190.04378868114253,-1030.4828075287483,Approach,48.815776657675,2.7425069310961003,309.5943193131555,11.6,18.0,0,3653.54,0.0,0.0,53815.196680014,STAR_24-12,1.3461560372449395,4300,48.82954543,2.627475905,2200,0,0
172,37.57,35.8,24210.0,66000.0,ACN.csv,6,240,2500,420.0,1500,1608.11,4567.1371627976005,38882.5017008189,3567.1371627976,1652.1739203354002,596.1474986408524,0.16366797311700804,181.17115136065618,-926.4274128147738,Approach,48.823339276583006,2.7174194372833997,263.08394684488684,11.6,18.0,0,3642.42,0.0,0.0,53810.1527328596,STAR_24-12,1.1057329781577687,4300,48.82954543,2.627475905,2200,0,0
173,37.57,35.8,24210.0,66000.0,ACN.csv,6,240,2500,420.0,1500,1607.95,4350.3706397924,38888.526541473424,3350.3706397923997,1636.10767859,180.61723379806585,0.05007408755144604,177.2732267413321,-346.2215081485686,Approach,48.821499450190004,2.6909206623276,256.8942990555735,11.6,18.0,0,3607.0,0.0,0.0,53794.086491114205,STAR_24-12,0.8062007941226076,4300,48.82954543,2.627475905,2200,0,0
174,37.57,35.8,24210.0,66000.0,ACN.csv,6,240,2500,420.0,1500,1607.76,4255.237367771901,38895.53454358992,3255.2373677719,1617.4196729460002,154.68595860321383,0.04338043597599804,178.95663018327832,-218.67700975987884,Approach,48.823444790698005,2.6645160544657003,281.2967412195039,16.44166667,22.0,0,3565.8,0.178333333,0.178333333,53775.3984854702,STAR_24-12,0.470342695607726,4300,48.82954543,2.627475905,2200,0,0
175,37.57,35.8,24210.0,66000.0,ACN.csv,6,240,2500,420.0,1500,1607.63,4177.353952257101,38900.18499936335,3177.3539522571004,1605.0184575502,209.117913265411,0.05909856640047111,162.0196621746338,-146.1017506067508,Approach,48.827592967909005,2.6394744051759,281.5044126782454,25.8,22.0,0,3538.46,1.0,1.0,53762.997270074404,STAR_24-12,0.16845768669529598,4300,48.82954543,2.627475905,2200,0,0
176,37.57,35.8,24210.0,66000.0,ACN.csv,6,240,2500,420.0,1500,1607.34,4277.4240554972,38911.2549211532,3277.4240554972,1575.4986661106002,83.88954604883092,0.024152135973844188,157.31816071300003,257.30413731398295,Approach,48.826536580666,2.6166819095469,237.3940595649818,25.8,22.0,0,3473.38,1.0,1.0,53733.4774786348,STAR_24-8,1.2012404075589436,2300,48.79824813,2.538435434,0,0,0
177,37.57,35.8,24210.0,66000.0,ACN.csv,6,240,2500,420.0,1500,1607.14,4038.4400034778996,38918.683063202414,3038.4400034778996,1555.6902873127,125.29096345353571,0.036531066315675584,160.38870792534442,-755.5171081981993,Approach,48.819014872439006,2.5961242018142,244.0250278493914,26.63333333,27.0,0,3429.71,1.0,1.0,53713.6690998369,STAR_24-8,0.8721039287858761,2300,48.79824813,2.538435434,0,0,0
178,37.57,35.8,24210.0,66000.0,ACN.csv,6,240,2500,420.0,1500,1606.93,3893.4146528579,38926.7541724361,2893.4146528579,1534.1673293562,111.32438178707828,0.03291419990984675,157.4479114682535,1196.4454060992496,Approach,48.811938875016004,2.5753511006315,242.62217710983072,40.0,27.0,0,3382.26,1.0,1.0,53692.1461418804,STAR_24-8,0.5725946868523217,2300,48.79824813,2.538435434,0,0,0
179,37.57,35.8,24210.0,66000.0,ACN.csv,6,240,2500,420.0,1500,1606.59,4150.3081229340005,38939.37878207413,3150.308122934,1500.5017036548002,71.45663058186062,0.021600896779319666,160.84439617209713,-749.718990320844,Approach,48.804710949758,2.5549627237599997,243.142827551618,40.0,27.0,0,3308.04,1.0,1.0,53658.480516179,STAR_24-8,0.25184399646569755,2300,48.79824813,2.538435434,0,0,0
180,37.57,35.8,24210.0,66000.0,ACN.csv,6,240,2500,420.0,1500,1606.42,3898.5343368379,38945.74211603476,2898.5343368379,1483.5328130931002,138.73984152230642,0.042419913448573036,159.96789745310474,-581.7064152011018,Approach,48.797393250955,2.5341412344707996,242.85599750441241,40.0,27.0,0,3270.63,1.0,1.0,53641.511625617306,STAR_24-8,0.06192500513460941,2300,48.79824813,2.538435434,0,0,0
181,37.57,35.8,24210.0,66000.0,ACN.csv,6,240,2500,420.0,1500,1606.24,3747.0581000967,38952.680378324374,2747.0581000967,1465.0307803208002,121.42599956398261,0.037595051013047893,155.02621041881073,-368.58725002984954,Approach,48.79040332168199,2.5134596674736,244.91188386228782,40.0,27.0,0,3229.84,1.0,1.0,53623.009592845,STAR_24-GS,0.21440380026399775,2300,48.78477462,2.50019773,0,0,0
182,37.57,35.8,24210.0,66000.0,ACN.csv,6,240,2500,420.0,1500,1606.16,3426.2975743894,38955.500588884854,2426.2975743894,1457.5102188262001,274.86414457474154,0.08554058637481608,144.25356355946454,-685.5734583077759,Approach,48.78416407383099,2.4940300324087,244.67029310710618,40.0,27.0,0,3213.26,1.0,1.0,53615.4890313504,STAR_24-GS,0.09769628474861862,2300,48.78477462,2.50019773,0,0,0
183,37.57,35.8,24210.0,66000.0,ACN.csv,6,240,2500,420.0,1500,1605.97,3269.2123804393,38962.76713865225,2269.2123804393,1438.1327527798,101.09072327780613,0.03188438665899378,138.9576128492174,-443.1079606836715,Approach,48.778259221623,2.4758170165841,244.389850251272,40.0,27.0,0,3170.54,1.0,1.0,53596.111565304,LFPO,2.030497067532762,-1,48.7263,2.36701,0,0,0
184,37.57,35.8,24210.0,66000.0,ACN.csv,6,240,2500,420.0,1500,1605.74,3108.1234435831,38971.200554791474,2108.1234435831,1415.6436430752,86.01480809467216,0.027560368634866248,139.83152719261466,-473.8192288542855,Approach,48.772397638757,2.4577837748599,244.40301287633048,40.0,27.0,0,3120.96,1.0,1.0,53573.622455599405,LFPO,1.7136232418863397,-1,48.7263,2.36701,0,0,0
185,37.57,35.8,24210.0,66000.0,ACN.csv,6,240,2500,420.0,1500,1605.22,2262.4876615257,38990.81173430652,1262.4876615257,1363.3471643684202,36.438323748592566,0.012123211211289798,145.3930644146932,-1714.8193343860835,Approach,48.749500127046005,2.4090151808552003,243.0598209337793,40.0,27.0,0,3005.666,1.0,1.0,53521.32597689262,LFPO,0.7928330882744834,-1,48.7263,2.36701,0,0,0
186,37.57,35.8,24210.0,66000.0,ACN.csv,6,240,2500,420.0,1500,1605.14,1798.07937536195,38993.86633872419,798.07937536195,1355.20155258796,228.40933934437334,0.07644968629610838,144.11373439213412,-1427.4383345574918,Approach,48.743526490192004,2.3905809015885002,246.3068173445315,40.0,27.0,0,2987.7079999999996,1.0,1.0,53513.18036511216,LFPO,0.4987082152262137,-1,48.7263,2.36701,0,0,0
187,37.57,35.8,24210.0,66000.0,ACN.csv,6,240,2500,420.0,1500,1605.05,1367.80768843126,38997.08253542367,367.80768843126,1346.6250280560002,209.70262002486265,0.0706354823581456,141.39512959643397,-912.1259855234082,Landing,48.737900417747,2.3721930252253,245.9682746413695,40.0,27.0,0,2968.8,1.0,1.0,53504.6038405802,LFPO,0.2369824043655475,-1,48.7263,2.36701,0,0,0
188,37.57,35.8,24210.0,66000.0,ACN.csv,6,240,2500,420.0,1500,1604.96,1278.96078356714,39000.55574889981,278.96078356714,1337.3631254529703,73.36032846541823,0.024881563293691768,53.88213918283406,-22.135826129293513,Landing,48.733848060267,2.3576009595585,267.8722046295779,40.0,27.0,0,2948.3810000000003,1.0,1.0,53495.34193797717,LFPO,0.5599950045704298,-1,48.7263,2.36701,0,0,0
189,37.57,35.8,24210.0,66000.0,ACN.csv,6,240,2500,420.0,1500,1604.86,1277.64612699271,39004.11384084818,277.64612699271,1327.87488025731,3.9572583331189453,0.001351770571692604,2.9989360085551504,0.0004513635141330849,Landing,48.733729469070994,2.3562195937142003,297.9677072831882,40.0,27.0,0,2927.4629999999997,1.0,1.0,53485.853692781515,LFPO,10.82755604338595,-1,48.7263,2.36701,0,0,0
190,37.57,35.8,24210.0,66000.0,ACN.csv,6,240,2500,420.0,1500,1604.77,1277.64606268532,39007.685863752224,277.64606268532003,1318.349485846547,3.9135474695573076,0.0013464982471503965,2.998935134406196,0.0004263208238155058,Landing,48.733729474027996,2.3562195947559,297.9676978852345,40.0,27.0,0,2906.4631,1.0,1.0,53476.32829837075,LFPO,10.827561307210072,-1,48.7263,2.36701,0,0,0